,group,variable,value
0,2012-04,2012,1
1,2012-04,2015,1
2,2012-05,2009,1
3,2012-11,2001,1
4,2012-11,2012,2
5,2012-11,2013,1
6,2012-12,2012,1
7,2013-01,1990,1
8,2013-01,2012,1
9,2013-01,2013,3
10,2013-02,1950,1
11,2013-02,2013,1
12,2013-03,2010,1
13,2013-03,2012,1
14,2013-03,2013,1
15,2013-04,1950,1
16,2013-04,1992,1
17,2013-04,2010,3
18,2013-04,2013,3
19,2013-04,2050,1
20,2013-04,2100,1
21,2013-05,2013,2
22,2013-06,627,1
23,2013-06,906,1
24,2013-06,2011,1
25,2013-06,2012,1
26,2013-06,2013,2
27,2013-06,2015,1
28,2013-07,1920,1
29,2013-07,2008,1
30,2013-07,2012,2
31,2013-07,2013,5
32,2013-08,1919,1
33,2013-08,1931,1
34,2013-08,1962,1
35,2013-08,1973,1
36,2013-08,2000,1
37,2013-08,2006,1
38,2013-08,2009,2
39,2013-08,2010,2
40,2013-08,2011,3
41,2013-08,2012,1
42,2013-08,2013,5
43,2013-08,2014,1
44,2013-08,2045,1
45,2013-09,1925,1
46,2013-09,1961,1
47,2013-09,1963,1
48,2013-09,1965,1
49,2013-09,1998,1
50,2013-09,2006,1
51,2013-09,2010,1
52,2013-09,2011,2
53,2013-09,2012,2
54,2013-09,2013,7
55,2013-09,2014,2
56,2013-09,2018,1
57,2013-09,2020,1
58,2013-10,1901,1
59,2013-10,1905,1
60,2013-10,1923,1
61,2013-10,1933,1
62,2013-10,1934,1
63,2013-10,2000,1
64,2013-10,2003,1
65,2013-10,2006,1
66,2013-10,2007,2
67,2013-10,2008,2
68,2013-10,2010,1
69,2013-10,2011,3
70,2013-10,2012,1
71,2013-10,2013,6
72,2013-10,2014,1
73,2013-10,2033,1
74,2013-10,2100,1
75,2013-11,2003,1
76,2013-11,2006,1
77,2013-11,2009,1
78,2013-11,2012,1
79,2013-11,2013,3
80,2013-12,1844,1
81,2013-12,2008,1
82,2013-12,2009,1
83,2013-12,2011,2
84,2013-12,2012,2
85,2013-12,2013,1
86,2013-12,2014,1
87,2013-12,2015,1
88,2014-01,1830,1
89,2014-01,1946,1
90,2014-01,1974,1
91,2014-01,2000,1
92,2014-01,2012,2
93,2014-01,2013,2
94,2014-01,2014,4
95,2014-01,2015,1
96,2014-01,2020,1
97,2014-01,2050,2
98,2014-01,3814,1
99,2014-02,1994,1
100,2014-02,2004,1
101,2014-02,2012,2
102,2014-02,2014,3
103,2014-02,2050,1
104,2014-03,1992,1
105,2014-03,2011,1
106,2014-03,2012,1
107,2014-03,2013,1
108,2014-03,2014,8
109,2014-03,2015,1
110,2014-03,2016,1
111,2014-04,1999,1
112,2014-04,2002,1
113,2014-04,2004,1
114,2014-04,2009,1
115,2014-04,2010,2
116,2014-04,2011,1
117,2014-04,2012,3
118,2014-04,2013,2
119,2014-04,2014,8
120,2014-04,2015,2
121,2014-04,2020,1
122,2014-05,1000,1
123,2014-05,1014,1
124,2014-05,1905,1
125,2014-05,1912,1
126,2014-05,1930,1
127,2014-05,1934,1
128,2014-05,1967,1
129,2014-05,1994,2
130,2014-05,1996,1
131,2014-05,2001,1
132,2014-05,2004,2
133,2014-05,2005,2
134,2014-05,2006,2
135,2014-05,2007,3
136,2014-05,2008,2
137,2014-05,2009,3
138,2014-05,2010,4
139,2014-05,2011,1
140,2014-05,2012,5
141,2014-05,2013,6
142,2014-05,2014,33
143,2014-05,2015,3
144,2014-05,2016,1
145,2014-05,2025,1
146,2014-05,2050,1
147,2014-05,2094,1
148,2014-06,30,1
149,2014-06,1920,1
150,2014-06,1927,1
151,2014-06,1949,1
152,2014-06,1950,1
153,2014-06,1957,1
154,2014-06,1967,1
155,2014-06,1976,1
156,2014-06,1991,1
157,2014-06,2000,1
158,2014-06,2009,2
159,2014-06,2011,1
160,2014-06,2013,3
161,2014-06,2014,20
162,2014-06,2015,3
163,2014-06,2017,1
164,2014-06,2020,2
165,2014-06,2024,1
166,2014-06,2028,1
167,2014-06,2050,1
168,2014-07,1984,1
169,2014-07,1986,1
170,2014-07,1992,1
171,2014-07,2004,2
172,2014-07,2007,1
173,2014-07,2009,2
174,2014-07,2010,2
175,2014-07,2011,2
176,2014-07,2012,2
177,2014-07,2013,5
178,2014-07,2014,11
179,2014-07,2015,1
180,2014-07,2016,1
181,2014-07,2017,2
182,2014-07,2020,1
183,2014-08,1000,1
184,2014-08,1050,1
185,2014-08,1969,2
186,2014-08,1994,1
187,2014-08,2000,1
188,2014-08,2004,1
189,2014-08,2007,1
190,2014-08,2008,1
191,2014-08,2009,2
192,2014-08,2010,3
193,2014-08,2011,1
194,2014-08,2012,5
195,2014-08,2013,8
196,2014-08,2014,28
197,2014-08,2015,5
198,2014-08,2017,1
199,2014-08,2018,1
200,2014-09,1985,1
201,2014-09,1988,1
202,2014-09,1989,1
203,2014-09,1991,1
204,2014-09,1994,2
205,2014-09,1995,1
206,2014-09,1999,1
207,2014-09,2003,2
208,2014-09,2004,4
209,2014-09,2005,2
210,2014-09,2006,3
211,2014-09,2007,1
212,2014-09,2008,1
213,2014-09,2009,1
214,2014-09,2010,5
215,2014-09,2011,4
216,2014-09,2012,5
217,2014-09,2013,5
218,2014-09,2014,24
219,2014-09,2015,6
220,2014-09,2016,2
221,2014-09,2018,1
222,2014-09,2022,1
223,2014-09,2025,1
224,2014-09,2035,1
225,2014-09,2050,1
226,2014-10,1915,1
227,2014-10,1921,1
228,2014-10,1936,1
229,2014-10,1937,1
230,2014-10,1957,2
231,2014-10,1964,1
232,2014-10,1970,1
233,2014-10,1998,1
234,2014-10,1999,1
235,2014-10,2001,2
236,2014-10,2004,2
237,2014-10,2005,1
238,2014-10,2006,2
239,2014-10,2008,1
240,2014-10,2009,1
241,2014-10,2010,1
242,2014-10,2011,2
243,2014-10,2012,5
244,2014-10,2013,7
245,2014-10,2014,27
246,2014-10,2015,6
247,2014-10,2016,1
248,2014-10,2020,1
249,2014-10,2022,2
250,2014-10,2024,1
251,2014-10,2030,1
252,2014-10,2045,1
253,2014-11,835,1
254,2014-11,1602,1
255,2014-11,1914,1
256,2014-11,1942,1
257,2014-11,1957,1
258,2014-11,1959,1
259,2014-11,1960,1
260,2014-11,1966,1
261,2014-11,1969,1
262,2014-11,1971,1
263,2014-11,1973,1
264,2014-11,1974,1
265,2014-11,1977,1
266,2014-11,1983,1
267,2014-11,1986,1
268,2014-11,1987,1
269,2014-11,1989,1
270,2014-11,1990,1
271,2014-11,1993,2
272,2014-11,1994,1
273,2014-11,1995,1
274,2014-11,1997,1
275,2014-11,1998,1
276,2014-11,2000,1
277,2014-11,2001,2
278,2014-11,2004,1
279,2014-11,2005,2
280,2014-11,2006,1
281,2014-11,2009,1
282,2014-11,2010,3
283,2014-11,2011,2
284,2014-11,2012,5
285,2014-11,2013,4
286,2014-11,2014,20
287,2014-11,2015,7
288,2014-11,2017,2
289,2014-11,2018,3
290,2014-11,2020,2
291,2014-11,2025,2
292,2014-11,2030,1
293,2014-11,2050,1
294,2014-12,1934,1
295,2014-12,1956,1
296,2014-12,1997,1
297,2014-12,1999,1
298,2014-12,2004,1
299,2014-12,2007,1
300,2014-12,2011,1
301,2014-12,2012,2
302,2014-12,2013,6
303,2014-12,2014,16
304,2014-12,2015,6
305,2014-12,2016,1
306,2014-12,2018,2
307,2014-12,2020,1
308,2014-12,2025,1
309,2015-01,1915,1
310,2015-01,1920,1
311,2015-01,1945,1
312,2015-01,1985,1
313,2015-01,1990,1
314,2015-01,1995,1
315,2015-01,1996,1
316,2015-01,2000,1
317,2015-01,2001,1
318,2015-01,2006,1
319,2015-01,2009,3
320,2015-01,2011,1
321,2015-01,2012,1
322,2015-01,2013,4
323,2015-01,2014,10
324,2015-01,2015,24
325,2015-01,2016,1
326,2015-01,2017,3
327,2015-01,2018,1
328,2015-01,2020,2
329,2015-01,2030,1
330,2015-02,1515,1
331,2015-02,1821,1
332,2015-02,1865,1
333,2015-02,1901,1
334,2015-02,1928,1
335,2015-02,1939,1
336,2015-02,1945,1
337,2015-02,1950,1
338,2015-02,1972,1
339,2015-02,1975,2
340,2015-02,1986,1
341,2015-02,1988,1
342,2015-02,1995,1
343,2015-02,1997,1
344,2015-02,1999,2
345,2015-02,2003,1
346,2015-02,2005,3
347,2015-02,2006,1
348,2015-02,2007,1
349,2015-02,2008,1
350,2015-02,2009,2
351,2015-02,2010,3
352,2015-02,2011,4
353,2015-02,2012,2
354,2015-02,2013,6
355,2015-02,2014,9
356,2015-02,2015,18
357,2015-02,2016,1
358,2015-02,2017,2
359,2015-02,2025,1
360,2015-02,2030,2
361,2015-02,3915,1
362,2015-03,1000,3
363,2015-03,1021,1
364,2015-03,1200,1
365,2015-03,1915,1
366,2015-03,1916,2
367,2015-03,1919,1
368,2015-03,1995,1
369,2015-03,2001,1
370,2015-03,2002,1
371,2015-03,2004,1
372,2015-03,2005,1
373,2015-03,2006,1
374,2015-03,2007,1
375,2015-03,2009,3
376,2015-03,2011,3
377,2015-03,2012,3
378,2015-03,2013,1
379,2015-03,2014,6
380,2015-03,2015,23
381,2015-03,2016,3
382,2015-03,2017,2
383,2015-03,2018,2
384,2015-03,2020,2
385,2015-04,1015,1
386,2015-04,1415,1
387,2015-04,1834,1
388,2015-04,1960,1
389,2015-04,1988,1
390,2015-04,2003,1
391,2015-04,2005,2
392,2015-04,2006,1
393,2015-04,2007,2
394,2015-04,2009,2
395,2015-04,2010,1
396,2015-04,2012,1
397,2015-04,2013,3
398,2015-04,2014,4
399,2015-04,2015,29
400,2015-04,2016,1
401,2015-04,2018,3
402,2015-04,2020,1
403,2015-04,2025,1
404,2015-05,1000,1
405,2015-05,1400,1
406,2015-05,1859,1
407,2015-05,1901,1
408,2015-05,1915,1
409,2015-05,1935,1
410,2015-05,1947,1
411,2015-05,1950,1
412,2015-05,1958,1
413,2015-05,1974,1
414,2015-05,1978,1
415,2015-05,1986,1
416,2015-05,1989,1
417,2015-05,1994,2
418,2015-05,2000,2
419,2015-05,2002,1
420,2015-05,2003,1
421,2015-05,2004,1
422,2015-05,2005,1
423,2015-05,2006,1
424,2015-05,2008,2
425,2015-05,2010,1
426,2015-05,2011,1
427,2015-05,2012,3
428,2015-05,2013,3
429,2015-05,2014,6
430,2015-05,2015,26
431,2015-05,2017,1
432,2015-05,2020,2
433,2015-05,2025,1
434,2015-05,2030,1
435,2015-06,1880,1
436,2015-06,1990,1
437,2015-06,1998,1
438,2015-06,2002,1
439,2015-06,2003,1
440,2015-06,2007,1
441,2015-06,2008,2
442,2015-06,2009,2
443,2015-06,2010,5
444,2015-06,2011,3
445,2015-06,2012,1
446,2015-06,2013,3
447,2015-06,2014,5
448,2015-06,2015,18
449,2015-06,2016,2
450,2015-06,2017,1
451,2015-06,2020,3
452,2015-06,2030,1
453,2015-06,2050,2
454,2015-07,1929,1
455,2015-07,1958,1
456,2015-07,1977,1
457,2015-07,1980,1
458,2015-07,1981,1
459,2015-07,1995,1
460,2015-07,1998,1
461,2015-07,2002,2
462,2015-07,2006,1
463,2015-07,2008,1
464,2015-07,2009,1
465,2015-07,2010,2
466,2015-07,2011,1
467,2015-07,2012,2
468,2015-07,2013,1
469,2015-07,2014,4
470,2015-07,2015,20
471,2015-07,2016,2
472,2015-07,2018,2
473,2015-07,2020,1
474,2015-07,2022,1
475,2015-07,2030,1
476,2015-07,2035,2
477,2015-07,2045,1
478,2015-07,2060,1
479,2015-07,2506,1
480,2015-08,100,1
481,2015-08,1291,1
482,2015-08,1995,1
483,2015-08,1998,1
484,2015-08,1999,1
485,2015-08,2001,1
486,2015-08,2011,1
487,2015-08,2012,1
488,2015-08,2013,2
489,2015-08,2014,3
490,2015-08,2015,10
491,2015-08,2016,1
492,2015-09,1080,1
493,2015-09,1915,1
494,2015-09,1987,1
495,2015-09,1994,1
496,2015-09,2000,1
497,2015-09,2001,1
498,2015-09,2003,1
499,2015-09,2004,2
500,2015-09,2005,1
501,2015-09,2007,1
502,2015-09,2008,1
503,2015-09,2010,3
504,2015-09,2011,2
505,2015-09,2013,3
506,2015-09,2014,9
507,2015-09,2015,23
508,2015-09,2016,4
509,2015-09,2019,1
510,2015-09,2020,3
511,2015-09,2022,1
512,2015-09,2030,2
513,2015-10,2000,1
514,2015-10,2005,1
515,2015-10,2008,1
516,2015-10,2009,1
517,2015-10,2012,1
518,2015-10,2014,2
519,2015-10,2015,14
520,2015-10,2016,1
521,2015-10,2017,1
522,2015-10,2020,1
523,2015-11,1012,1
524,2015-11,1550,1
525,2015-11,1880,1
526,2015-11,1945,1
527,2015-11,1964,1
528,2015-11,1978,1
529,2015-11,1988,1
530,2015-11,2001,1
531,2015-11,2002,1
532,2015-11,2004,1
533,2015-11,2005,2
534,2015-11,2008,1
535,2015-11,2009,1
536,2015-11,2010,1
537,2015-11,2011,1
538,2015-11,2012,2
539,2015-11,2013,2
540,2015-11,2014,6
541,2015-11,2015,20
542,2015-11,2016,4
543,2015-11,2025,1
544,2015-11,2030,1
545,2015-12,1200,1
546,2015-12,1915,2
547,2015-12,1923,1
548,2015-12,1956,1
549,2015-12,1990,1
550,2015-12,2001,1
551,2015-12,2002,1
552,2015-12,2004,1
553,2015-12,2005,2
554,2015-12,2007,1
555,2015-12,2008,1
556,2015-12,2010,1
557,2015-12,2012,2
558,2015-12,2013,3
559,2015-12,2014,7
560,2015-12,2015,19
561,2015-12,2016,6
562,2015-12,2017,1
563,2015-12,2018,1
564,2015-12,2020,2
565,2015-12,2021,1
566,2015-12,2022,1
567,2015-12,2025,2
568,2015-12,2030,1
569,2015-12,2050,2
570,2015-12,2500,1
571,2016-01,1000,1
572,2016-01,1057,1
573,2016-01,1161,1
574,2016-01,1831,1
575,2016-01,1842,1
576,2016-01,1900,1
577,2016-01,1950,1
578,2016-01,1956,1
579,2016-01,1957,1
580,2016-01,1984,1
581,2016-01,1986,1
582,2016-01,1988,1
583,2016-01,1990,1
584,2016-01,1996,2
585,2016-01,2000,2
586,2016-01,2002,1
587,2016-01,2003,1
588,2016-01,2006,1
589,2016-01,2007,1
590,2016-01,2008,1
591,2016-01,2009,2
592,2016-01,2010,1
593,2016-01,2011,2
594,2016-01,2012,4
595,2016-01,2013,2
596,2016-01,2014,8
597,2016-01,2015,17
598,2016-01,2016,64
599,2016-01,2017,5
600,2016-01,2018,2
601,2016-01,2019,1
602,2016-01,2020,6
603,2016-01,2024,1
604,2016-01,2025,1
605,2016-01,2028,1
606,2016-01,2030,4
607,2016-01,2050,1
608,2016-01,2100,1
609,2016-01,2300,1
610,2016-01,2600,1
611,2016-01,3016,1
612,2016-02,1616,1
613,2016-02,1860,1
614,2016-02,1900,1
615,2016-02,1950,1
616,2016-02,1980,1
617,2016-02,1992,1
618,2016-02,2001,1
619,2016-02,2002,1
620,2016-02,2006,1
621,2016-02,2007,1
622,2016-02,2009,3
623,2016-02,2010,3
624,2016-02,2011,2
625,2016-02,2012,1
626,2016-02,2013,3
627,2016-02,2014,5
628,2016-02,2015,11
629,2016-02,2016,33
630,2016-02,2017,5
631,2016-02,2019,1
632,2016-02,2020,1
633,2016-02,2025,1
634,2016-02,2030,1
635,2016-02,2499,1
636,2016-03,931,1
637,2016-03,1452,1
638,2016-03,1919,1
639,2016-03,1961,1
640,2016-03,1973,1
641,2016-03,1987,1
642,2016-03,1989,1
643,2016-03,1997,1
644,2016-03,2000,1
645,2016-03,2005,2
646,2016-03,2006,3
647,2016-03,2007,1
648,2016-03,2011,3
649,2016-03,2012,1
650,2016-03,2013,2
651,2016-03,2014,2
652,2016-03,2015,10
653,2016-03,2016,31
654,2016-03,2017,5
655,2016-03,2018,3
656,2016-03,2019,1
657,2016-03,2020,2
658,2016-03,2035,1
659,2016-03,2050,1
660,2016-03,2129,1
661,2016-04,1850,1
662,2016-04,1885,1
663,2016-04,1902,1
664,2016-04,1905,1
665,2016-04,1915,1
666,2016-04,1917,1
667,2016-04,1946,2
668,2016-04,1947,1
669,2016-04,1953,1
670,2016-04,1959,1
671,2016-04,1966,1
672,2016-04,1968,1
673,2016-04,1970,1
674,2016-04,1978,1
675,2016-04,1982,1
676,2016-04,1984,1
677,2016-04,1986,1
678,2016-04,1996,1
679,2016-04,1997,1
680,2016-04,2002,1
681,2016-04,2003,2
682,2016-04,2006,1
683,2016-04,2008,2
684,2016-04,2009,1
685,2016-04,2010,1
686,2016-04,2011,2
687,2016-04,2012,1
688,2016-04,2013,2
689,2016-04,2014,7
690,2016-04,2015,11
691,2016-04,2016,29
692,2016-04,2017,4
693,2016-04,2018,3
694,2016-04,2020,5
695,2016-04,2025,1
696,2016-04,2035,1
697,2016-04,2050,1
698,2016-05,130,1
699,2016-05,1000,1
700,2016-05,1885,1
701,2016-05,1903,1
702,2016-05,1959,1
703,2016-05,1960,1
704,2016-05,1961,2
705,2016-05,1964,1
706,2016-05,1966,1
707,2016-05,1969,1
708,2016-05,1987,1
709,2016-05,1988,1
710,2016-05,1993,1
711,2016-05,1995,1
712,2016-05,2000,1
713,2016-05,2001,1
714,2016-05,2004,2
715,2016-05,2006,2
716,2016-05,2008,1
717,2016-05,2009,2
718,2016-05,2010,1
719,2016-05,2011,1
720,2016-05,2012,4
721,2016-05,2013,5
722,2016-05,2014,3
723,2016-05,2015,13
724,2016-05,2016,25
725,2016-05,2017,3
726,2016-05,2018,2
727,2016-05,2019,2
728,2016-05,2020,2
729,2016-05,2021,1
730,2016-05,2022,1
731,2016-05,2024,2
732,2016-06,1218,1
733,2016-06,1919,1
734,2016-06,1927,1
735,2016-06,1982,1
736,2016-06,1989,1
737,2016-06,1999,1
738,2016-06,2007,1
739,2016-06,2009,1
740,2016-06,2010,3
741,2016-06,2011,3
742,2016-06,2012,3
743,2016-06,2013,5
744,2016-06,2014,6
745,2016-06,2015,11
746,2016-06,2016,37
747,2016-06,2017,3
748,2016-06,2018,1
749,2016-06,2020,2
750,2016-06,2022,1
751,2016-06,2025,1
752,2016-06,2030,1
753,2016-06,2034,1
754,2016-06,2035,1
755,2016-06,3516,1
756,2016-07,1300,1
757,2016-07,1961,1
758,2016-07,1962,1
759,2016-07,1973,2
760,2016-07,1996,1
761,2016-07,2000,1
762,2016-07,2001,1
763,2016-07,2003,1
764,2016-07,2005,1
765,2016-07,2006,2
766,2016-07,2008,1
767,2016-07,2009,3
768,2016-07,2011,1
769,2016-07,2015,5
770,2016-07,2016,26
771,2016-07,2017,2
772,2016-07,2020,2
773,2016-07,2050,1
774,2016-07,2053,1
775,2016-08,1421,1
776,2016-08,1915,1
777,2016-08,1916,1
778,2016-08,1944,1
779,2016-08,1981,1
780,2016-08,1991,1
781,2016-08,1992,1
782,2016-08,1993,2
783,2016-08,1994,2
784,2016-08,1995,1
785,2016-08,1996,2
786,2016-08,1997,1
787,2016-08,1999,1
788,2016-08,2001,2
789,2016-08,2002,1
790,2016-08,2003,2
791,2016-08,2004,2
792,2016-08,2005,1
793,2016-08,2006,3
794,2016-08,2007,1
795,2016-08,2008,1
796,2016-08,2009,5
797,2016-08,2010,3
798,2016-08,2011,1
799,2016-08,2012,4
800,2016-08,2013,5
801,2016-08,2014,4
802,2016-08,2015,6
803,2016-08,2016,41
804,2016-08,2017,8
805,2016-08,2018,2
806,2016-08,2019,1
807,2016-08,2020,4
808,2016-08,2021,2
809,2016-08,2023,1
810,2016-08,2050,1
811,2016-09,1800,1
812,2016-09,1834,1
813,2016-09,1986,1
814,2016-09,1990,1
815,2016-09,1999,1
816,2016-09,2001,1
817,2016-09,2002,2
818,2016-09,2003,1
819,2016-09,2004,1
820,2016-09,2007,1
821,2016-09,2009,1
822,2016-09,2011,1
823,2016-09,2012,2
824,2016-09,2013,2
825,2016-09,2014,2
826,2016-09,2015,11
827,2016-09,2016,22
828,2016-09,2017,1
829,2016-09,2018,1
830,2016-09,2019,1
831,2016-09,2020,2
832,2016-09,2021,2
833,2016-09,2030,2
834,2016-09,2050,1
835,2016-10,1867,1
836,2016-10,1909,1
837,2016-10,1961,1
838,2016-10,1966,1
839,2016-10,1969,1
840,2016-10,1976,2
841,2016-10,1977,1
842,2016-10,1996,1
843,2016-10,1997,1
844,2016-10,2000,1
845,2016-10,2001,1
846,2016-10,2002,1
847,2016-10,2003,3
848,2016-10,2005,1
849,2016-10,2006,1
850,2016-10,2009,1
851,2016-10,2010,5
852,2016-10,2011,3
853,2016-10,2012,2
854,2016-10,2013,4
855,2016-10,2014,5
856,2016-10,2015,10
857,2016-10,2016,45
858,2016-10,2017,7
859,2016-10,2018,2
860,2016-10,2020,2
861,2016-10,2021,1
862,2016-10,2032,1
863,2016-10,2100,1
864,2016-10,2300,1
865,2016-10,2316,1
866,2016-10,2345,1
867,2016-11,620,1
868,2016-11,1373,1
869,2016-11,1880,1
870,2016-11,1912,1
871,2016-11,1916,1
872,2016-11,1951,1
873,2016-11,1953,1
874,2016-11,1954,1
875,2016-11,1957,1
876,2016-11,1959,1
877,2016-11,1960,2
878,2016-11,1970,1
879,2016-11,1979,1
880,2016-11,1980,1
881,2016-11,1983,1
882,2016-11,1984,1
883,2016-11,1990,2
884,2016-11,1992,1
885,2016-11,1993,2
886,2016-11,1999,1
887,2016-11,2000,2
888,2016-11,2002,1
889,2016-11,2003,2
890,2016-11,2004,2
891,2016-11,2005,1
892,2016-11,2006,4
893,2016-11,2008,2
894,2016-11,2009,8
895,2016-11,2010,10
896,2016-11,2011,4
897,2016-11,2012,5
898,2016-11,2013,6
899,2016-11,2014,9
900,2016-11,2015,27
901,2016-11,2016,95
902,2016-11,2017,24
903,2016-11,2018,3
904,2016-11,2019,2
905,2016-11,2020,10
906,2016-11,2021,2
907,2016-11,2022,3
908,2016-11,2024,3
909,2016-11,2025,3
910,2016-11,2030,8
911,2016-11,2036,1
912,2016-11,2040,1
913,2016-11,2050,7
914,2016-11,2051,1
915,2016-11,2065,1
916,2016-11,2100,2
917,2016-11,4216,1
918,2016-12,399,1
919,2016-12,1839,1
920,2016-12,1911,1
921,2016-12,1954,1
922,2016-12,1975,1
923,2016-12,1976,2
924,2016-12,1989,1
925,2016-12,2003,2
926,2016-12,2004,3
927,2016-12,2005,1
928,2016-12,2006,2
929,2016-12,2009,2
930,2016-12,2010,1
931,2016-12,2011,2
932,2016-12,2012,2
933,2016-12,2013,2
934,2016-12,2014,9
935,2016-12,2015,15
936,2016-12,2016,54
937,2016-12,2017,14
938,2016-12,2018,5
939,2016-12,2019,2
940,2016-12,2020,11
941,2016-12,2021,3
942,2016-12,2022,1
943,2016-12,2023,1
944,2016-12,2024,1
945,2016-12,2026,2
946,2016-12,2030,2
947,2016-12,2050,2
948,2016-12,2066,1
949,2017-01,1013,1
950,2017-01,1826,1
951,2017-01,1847,1
952,2017-01,1851,1
953,2017-01,1857,1
954,2017-01,1866,1
955,2017-01,1867,1
956,2017-01,1898,1
957,2017-01,1900,1
958,2017-01,1902,1
959,2017-01,1909,1
960,2017-01,1930,1
961,2017-01,1978,1
962,2017-01,1985,1
963,2017-01,1986,1
964,2017-01,1988,1
965,2017-01,1997,2
966,2017-01,2004,2
967,2017-01,2007,1
968,2017-01,2009,1
969,2017-01,2010,1
970,2017-01,2011,2
971,2017-01,2012,4
972,2017-01,2013,1
973,2017-01,2014,2
974,2017-01,2015,5
975,2017-01,2016,22
976,2017-01,2017,34
977,2017-01,2018,1
978,2017-01,2019,3
979,2017-01,2020,3
980,2017-01,2022,1
981,2017-01,2030,2
982,2017-01,2060,1
983,2017-01,2100,1
984,2017-02,1035,1
985,2017-02,1905,1
986,2017-02,1987,1
987,2017-02,1994,1
988,2017-02,1996,1
989,2017-02,1997,1
990,2017-02,2001,1
991,2017-02,2002,1
992,2017-02,2003,1
993,2017-02,2004,1
994,2017-02,2008,3
995,2017-02,2010,2
996,2017-02,2012,2
997,2017-02,2013,1
998,2017-02,2014,1
999,2017-02,2015,6
1000,2017-02,2016,15
1001,2017-02,2017,21
1002,2017-02,2018,3
1003,2017-02,2019,1
1004,2017-02,2020,1
1005,2017-02,2021,1
1006,2017-02,2025,2
1007,2017-02,2030,3
1008,2017-02,2040,1
1009,2017-02,2050,2
1010,2017-03,1917,1
1011,2017-03,1979,1
1012,2017-03,1999,1
1013,2017-03,2001,1
1014,2017-03,2002,1
1015,2017-03,2005,2
1016,2017-03,2011,1
1017,2017-03,2013,2
1018,2017-03,2014,1
1019,2017-03,2015,3
1020,2017-03,2016,7
1021,2017-03,2017,16
1022,2017-03,2018,1
1023,2017-03,2020,1
1024,2017-03,2025,1
1025,2017-03,2030,1
1026,2017-03,2050,2
1027,2017-04,1141,1
1028,2017-04,1904,1
1029,2017-04,1992,1
1030,2017-04,1997,2
1031,2017-04,1999,1
1032,2017-04,2000,2
1033,2017-04,2001,1
1034,2017-04,2003,1
1035,2017-04,2005,1
1036,2017-04,2009,3
1037,2017-04,2010,2
1038,2017-04,2012,2
1039,2017-04,2014,3
1040,2017-04,2015,1
1041,2017-04,2016,8
1042,2017-04,2017,22
1043,2017-04,2018,3
1044,2017-04,2020,2
1045,2017-04,2022,1
1046,2017-04,2025,1
1047,2017-04,2050,1
1048,2017-04,2100,1
1049,2017-04,2983,1
1050,2017-05,983,1
1051,2017-05,1000,1
1052,2017-05,1317,1
1053,2017-05,1965,1
1054,2017-05,1967,1
1055,2017-05,1975,1
1056,2017-05,1998,1
1057,2017-05,2009,1
1058,2017-05,2010,2
1059,2017-05,2012,3
1060,2017-05,2013,1
1061,2017-05,2014,2
1062,2017-05,2015,4
1063,2017-05,2016,5
1064,2017-05,2017,24
1065,2017-05,2018,4
1066,2017-05,2019,2
1067,2017-05,2020,2
1068,2017-05,2021,1
1069,2017-05,2024,1
1070,2017-05,2030,1
1071,2017-05,2033,1
1072,2017-05,2050,1
1073,2017-06,1000,1
1074,2017-06,1012,1
1075,2017-06,1907,1
1076,2017-06,1917,1
1077,2017-06,1929,1
1078,2017-06,1951,1
1079,2017-06,1972,1
1080,2017-06,1979,1
1081,2017-06,1987,1
1082,2017-06,1997,2
1083,2017-06,2005,2
1084,2017-06,2007,1
1085,2017-06,2008,1
1086,2017-06,2009,1
1087,2017-06,2010,2
1088,2017-06,2011,1
1089,2017-06,2012,2
1090,2017-06,2013,2
1091,2017-06,2014,2
1092,2017-06,2015,1
1093,2017-06,2016,10
1094,2017-06,2017,25
1095,2017-06,2018,4
1096,2017-06,2019,2
1097,2017-06,2020,4
1098,2017-06,2022,1
1099,2017-06,2023,1
1100,2017-06,2025,1
1101,2017-06,2090,1
1102,2017-06,2100,1
1103,2017-07,53,1
1104,2017-07,1908,1
1105,2017-07,1937,1
1106,2017-07,1990,1
1107,2017-07,1992,1
1108,2017-07,1996,1
1109,2017-07,2007,2
1110,2017-07,2008,2
1111,2017-07,2012,1
1112,2017-07,2015,3
1113,2017-07,2016,9
1114,2017-07,2017,35
1115,2017-07,2018,5
1116,2017-07,2020,1
1117,2017-07,2023,1
1118,2017-07,2025,1
1119,2017-07,2040,1
1120,2017-07,2050,1
1121,2017-08,1905,1
1122,2017-08,2001,1
1123,2017-08,2002,1
1124,2017-08,2009,1
1125,2017-08,2012,1
1126,2017-08,2013,2
1127,2017-08,2014,2
1128,2017-08,2015,1
1129,2017-08,2016,4
1130,2017-08,2017,15
1131,2017-08,2019,1
1132,2017-08,2020,1
1133,2017-09,1937,1
1134,2017-09,1998,1
1135,2017-09,2010,1
1136,2017-09,2013,2
1137,2017-09,2014,1
1138,2017-09,2015,4
1139,2017-09,2016,4
1140,2017-09,2017,28
1141,2017-09,2018,3
1142,2017-09,2021,1
1143,2017-09,2022,1
1144,2017-09,2024,1
1145,2017-09,2027,1
1146,2017-09,2030,1
1147,2017-09,2040,1
1148,2017-09,2050,1
1149,2017-09,2100,1
1150,2017-10,1000,1
1151,2017-10,1050,1
1152,2017-10,1859,1
1153,2017-10,1950,2
1154,2017-10,1970,1
1155,2017-10,1980,1
1156,2017-10,1989,1
1157,2017-10,1995,1
1158,2017-10,1999,1
1159,2017-10,2003,1
1160,2017-10,2004,1
1161,2017-10,2006,1
1162,2017-10,2008,1
1163,2017-10,2011,1
1164,2017-10,2013,1
1165,2017-10,2014,1
1166,2017-10,2015,4
1167,2017-10,2016,5
1168,2017-10,2017,17
1169,2017-10,2018,3
1170,2017-10,2023,1
1171,2017-10,2024,1
1172,2017-10,2027,1
1173,2017-10,2200,1
1174,2017-11,1200,1
1175,2017-11,1851,1
1176,2017-11,1957,1
1177,2017-11,1963,1
1178,2017-11,1984,1
1179,2017-11,1994,1
1180,2017-11,2004,1
1181,2017-11,2007,3
1182,2017-11,2010,1
1183,2017-11,2011,1
1184,2017-11,2012,4
1185,2017-11,2013,2
1186,2017-11,2014,2
1187,2017-11,2015,2
1188,2017-11,2016,5
1189,2017-11,2017,27
1190,2017-11,2018,4
1191,2017-11,2020,1
1192,2017-11,2022,1
1193,2017-11,2025,1
1194,2017-11,2030,2
1195,2017-11,2050,1
1196,2017-12,1917,1
1197,2017-12,1937,1
1198,2017-12,1981,1
1199,2017-12,1985,1
1200,2017-12,1987,2
1201,2017-12,1997,1
1202,2017-12,2001,1
1203,2017-12,2004,1
1204,2017-12,2005,2
1205,2017-12,2007,1
1206,2017-12,2010,1
1207,2017-12,2011,2
1208,2017-12,2014,1
1209,2017-12,2015,4
1210,2017-12,2016,5
1211,2017-12,2017,23
1212,2017-12,2018,3
1213,2017-12,2019,1
1214,2017-12,2022,1
1215,2017-12,2025,2
1216,2017-12,2027,1
1217,2017-12,2038,1
1218,2018-01,1140,1
1219,2018-01,1200,1
1220,2018-01,1700,1
1221,2018-01,1824,1
1222,2018-01,1927,1
1223,2018-01,2000,1
1224,2018-01,2008,1
1225,2018-01,2012,1
1226,2018-01,2014,1
1227,2018-01,2016,3
1228,2018-01,2017,4
1229,2018-01,2018,18
1230,2018-01,2019,1
1231,2018-01,2022,1
1232,2018-01,6999,1
1233,2018-02,1978,1
1234,2018-02,1981,1
1235,2018-02,1995,1
1236,2018-02,2002,1
1237,2018-02,2003,1
1238,2018-02,2004,1
1239,2018-02,2009,2
1240,2018-02,2010,1
1241,2018-02,2011,2
1242,2018-02,2013,3
1243,2018-02,2014,2
1244,2018-02,2015,2
1245,2018-02,2016,3
1246,2018-02,2017,9
1247,2018-02,2018,21
1248,2018-02,2020,3
1249,2018-02,2026,1
1250,2018-02,2035,1
1251,2018-02,2046,1
1252,2018-02,2050,1
1253,2018-02,2300,1
1254,2018-03,1918,1
1255,2018-03,1986,1
1256,2018-03,1988,1
1257,2018-03,1989,1
1258,2018-03,1990,1
1259,2018-03,1991,1
1260,2018-03,1995,1
1261,2018-03,2000,2
1262,2018-03,2001,1
1263,2018-03,2003,1
1264,2018-03,2004,1
1265,2018-03,2005,1
1266,2018-03,2007,1
1267,2018-03,2010,1
1268,2018-03,2012,2
1269,2018-03,2013,1
1270,2018-03,2015,1
1271,2018-03,2016,6
1272,2018-03,2017,5
1273,2018-03,2018,21
1274,2018-03,2019,1
1275,2018-03,2020,1
1276,2018-03,2021,1
1277,2018-03,2043,1
1278,2018-03,2048,1
1279,2018-03,2135,1
1280,2018-04,1859,1
1281,2018-04,1946,1
1282,2018-04,1957,1
1283,2018-04,1970,1
1284,2018-04,1985,1
1285,2018-04,1988,1
1286,2018-04,1989,1
1287,2018-04,1994,1
1288,2018-04,1997,2
1289,2018-04,1999,1
1290,2018-04,2000,1
1291,2018-04,2001,1
1292,2018-04,2003,1
1293,2018-04,2005,1
1294,2018-04,2006,1
1295,2018-04,2008,3
1296,2018-04,2009,1
1297,2018-04,2010,3
1298,2018-04,2011,2
1299,2018-04,2012,1
1300,2018-04,2013,2
1301,2018-04,2014,1
1302,2018-04,2015,1
1303,2018-04,2016,3
1304,2018-04,2017,8
1305,2018-04,2018,22
1306,2018-04,2019,2
1307,2018-04,2020,2
1308,2018-04,2022,3
1309,2018-04,2023,1
1310,2018-04,2025,2
1311,2018-04,2030,3
1312,2018-04,2032,1
1313,2018-04,2035,1
1314,2018-04,2036,1
1315,2018-04,2038,1
1316,2018-04,2040,3
1317,2018-04,2050,1
1318,2018-04,2058,1
1319,2018-05,2004,1
1320,2018-05,2011,1
1321,2018-05,2012,1
1322,2018-05,2013,2
1323,2018-05,2014,4
1324,2018-05,2015,1
1325,2018-05,2017,7
1326,2018-05,2018,13
1327,2018-05,2019,1
1328,2018-05,2020,2
1329,2018-05,2021,1
1330,2018-05,2022,1
1331,2018-05,2025,1
1332,2018-06,1950,1
1333,2018-06,1996,1
1334,2018-06,2001,1
1335,2018-06,2007,1
1336,2018-06,2008,3
1337,2018-06,2010,2
1338,2018-06,2011,1
1339,2018-06,2012,1
1340,2018-06,2014,1
1341,2018-06,2015,3
1342,2018-06,2016,1
1343,2018-06,2017,5
1344,2018-06,2018,17
1345,2018-06,2019,1
1346,2018-06,2023,1
1347,2018-06,2032,1
1348,2018-06,2050,2
1349,2018-07,1016,1
1350,2018-07,1300,1
1351,2018-07,1330,1
1352,2018-07,1968,1
1353,2018-07,2001,2
1354,2018-07,2006,1
1355,2018-07,2007,1
1356,2018-07,2008,3
1357,2018-07,2010,1
1358,2018-07,2012,2
1359,2018-07,2013,2
1360,2018-07,2015,4
1361,2018-07,2016,6
1362,2018-07,2017,2
1363,2018-07,2018,24
1364,2018-07,2019,1
1365,2018-07,2020,2
1366,2018-07,2021,1
1367,2018-07,2022,1
1368,2018-07,2025,1
1369,2018-07,2030,3
1370,2018-07,2048,1
1371,2018-07,2050,1
1372,2018-08,1000,1
1373,2018-08,1885,1
1374,2018-08,1960,1
1375,2018-08,1989,1
1376,2018-08,2000,2
1377,2018-08,2008,2
1378,2018-08,2014,2
1379,2018-08,2015,1
1380,2018-08,2016,4
1381,2018-08,2017,3
1382,2018-08,2018,17
1383,2018-08,2019,1
1384,2018-08,2020,1
1385,2018-08,2022,1
1386,2018-08,2025,1
1387,2018-08,2050,1
1388,2018-08,2099,1
1389,2018-08,2100,1
1390,2018-09,1000,1
1391,2018-09,1870,1
1392,2018-09,1895,1
1393,2018-09,2000,1
1394,2018-09,2005,1
1395,2018-09,2008,1
1396,2018-09,2009,1
1397,2018-09,2012,2
1398,2018-09,2017,6
1399,2018-09,2018,27
1400,2018-09,2019,1
1401,2018-09,2020,5
1402,2018-09,2022,1
1403,2018-09,2025,1
1404,2018-09,2050,2
1405,2018-09,2118,1
1406,2018-10,1856,1
1407,2018-10,1942,1
1408,2018-10,1959,1
1409,2018-10,1969,1
1410,2018-10,1972,1
1411,2018-10,1993,1
1412,2018-10,1996,1
1413,2018-10,2008,3
1414,2018-10,2011,2
1415,2018-10,2012,2
1416,2018-10,2015,2
1417,2018-10,2016,2
1418,2018-10,2017,3
1419,2018-10,2018,25
1420,2018-10,2019,3
1421,2018-10,2020,2
1422,2018-10,2021,1
1423,2018-10,2022,1
1424,2018-10,2023,3
1425,2018-10,2024,1
1426,2018-10,2025,1
1427,2018-10,2026,1
1428,2018-10,2030,3
1429,2018-10,3482,1
1430,2018-10,5982,1
1431,2018-11,1851,1
1432,2018-11,1918,1
1433,2018-11,2000,1
1434,2018-11,2003,1
1435,2018-11,2009,1
1436,2018-11,2011,1
1437,2018-11,2012,1
1438,2018-11,2017,3
1439,2018-11,2018,20
1440,2018-11,2019,2
1441,2018-11,2020,2
1442,2018-11,2021,1
1443,2018-11,2022,2
1444,2018-11,2030,1
1445,2018-11,2035,1
1446,2018-12,518,1
1447,2018-12,1491,1
1448,2018-12,1948,1
1449,2018-12,1958,1
1450,2018-12,1984,1
1451,2018-12,2001,1
1452,2018-12,2008,1
1453,2018-12,2009,1
1454,2018-12,2010,1
1455,2018-12,2011,1
1456,2018-12,2013,2
1457,2018-12,2014,1
1458,2018-12,2015,1
1459,2018-12,2016,4
1460,2018-12,2017,4
1461,2018-12,2018,14
1462,2018-12,2019,2
1463,2018-12,2020,2
1464,2018-12,2022,1
1465,2018-12,2023,1
1466,2018-12,2025,1
1467,2018-12,2030,1
1468,2018-12,2050,2
1469,2018-12,2520,1
1470,2019-01,1979,1
1471,2019-01,1983,1
1472,2019-01,2005,1
1473,2019-01,2011,1
1474,2019-01,2015,2
1475,2019-01,2016,1
1476,2019-01,2017,3
1477,2019-01,2018,4
1478,2019-01,2019,9
1479,2019-01,2025,1
1480,2019-02,1909,1
1481,2019-02,1969,1
1482,2019-02,2010,1
1483,2019-02,2013,1
1484,2019-02,2016,3
1485,2019-02,2017,2
1486,2019-02,2018,3
1487,2019-02,2019,10
1488,2019-02,2023,1
1489,2019-02,2055,1
1490,2019-02,2100,1
1491,2019-02,3719,1
1492,2019-03,1831,1
1493,2019-03,1919,1
1494,2019-03,1950,1
1495,2019-03,1964,1
1496,2019-03,1989,1
1497,2019-03,1994,1
1498,2019-03,2004,1
1499,2019-03,2009,1
1500,2019-03,2011,1
1501,2019-03,2014,3
1502,2019-03,2015,3
1503,2019-03,2016,4
1504,2019-03,2017,4
1505,2019-03,2018,10
1506,2019-03,2019,17
1507,2019-03,2020,3
1508,2019-03,2021,1
1509,2019-03,2030,1
1510,2019-03,2049,1
1511,2019-03,2050,2
1512,2019-04,1012,1
1513,2019-04,1492,1
1514,2019-04,1620,1
1515,2019-04,1776,1
1516,2019-04,1920,1
1517,2019-04,1930,1
1518,2019-04,1935,1
1519,2019-04,1950,1
1520,2019-04,1957,1
1521,2019-04,2007,1
1522,2019-04,2010,1
1523,2019-04,2012,2
1524,2019-04,2014,1
1525,2019-04,2015,3
1526,2019-04,2016,1
1527,2019-04,2017,3
1528,2019-04,2018,4
1529,2019-04,2019,14
1530,2019-04,2020,2
1531,2019-04,2022,1
1532,2019-04,2024,1
1533,2019-04,2030,1
1534,2019-04,2035,1
1535,2019-04,2040,1
1536,2019-04,2044,1
1537,2019-04,2050,2
1538,2019-04,2100,1
1539,2019-05,1816,1
1540,2019-05,1930,1
1541,2019-05,1948,1
1542,2019-05,1989,1
1543,2019-05,2000,1
1544,2019-05,2007,2
1545,2019-05,2008,1
1546,2019-05,2012,1
1547,2019-05,2014,2
1548,2019-05,2015,3
1549,2019-05,2016,4
1550,2019-05,2017,5
1551,2019-05,2018,5
1552,2019-05,2019,16
1553,2019-05,2021,1
1554,2019-05,2024,1
1555,2019-05,2027,1
1556,2019-05,2033,1
1557,2019-05,2037,1
1558,2019-05,2039,1
1559,2019-06,1018,1
1560,2019-06,1816,1
1561,2019-06,1909,1
1562,2019-06,1919,2
1563,2019-06,1928,1
1564,2019-06,1930,1
1565,2019-06,1937,1
1566,2019-06,1948,1
1567,2019-06,1974,1
1568,2019-06,1975,1
1569,2019-06,1976,1
1570,2019-06,1989,1
1571,2019-06,1999,1
1572,2019-06,2000,1
1573,2019-06,2003,1
1574,2019-06,2006,1
1575,2019-06,2007,2
1576,2019-06,2012,2
1577,2019-06,2013,1
1578,2019-06,2014,3
1579,2019-06,2015,3
1580,2019-06,2016,3
1581,2019-06,2017,2
1582,2019-06,2018,3
1583,2019-06,2019,18
1584,2019-06,2020,3
1585,2019-06,2021,1
1586,2019-06,2024,1
1587,2019-06,2030,1
1588,2019-06,2035,1
1589,2019-06,2050,2
1590,2019-07,1976,1
1591,2019-07,1982,1
1592,2019-07,1994,1
1593,2019-07,2004,2
1594,2019-07,2010,2
1595,2019-07,2011,2
1596,2019-07,2013,1
1597,2019-07,2016,1
1598,2019-07,2017,1
1599,2019-07,2018,5
1600,2019-07,2019,17
1601,2019-07,2020,2
1602,2019-07,2023,2
1603,2019-07,2025,1
1604,2019-07,2026,1
1605,2019-07,2028,1
1606,2019-07,2030,3
1607,2019-07,2034,1
1608,2019-07,2119,1
1609,2019-08,1900,1
1610,2019-08,1911,1
1611,2019-08,1920,1
1612,2019-08,1957,1
1613,2019-08,1970,2
1614,2019-08,1986,1
1615,2019-08,1997,1
1616,2019-08,2001,1
1617,2019-08,2004,1
1618,2019-08,2005,1
1619,2019-08,2006,1
1620,2019-08,2007,3
1621,2019-08,2008,1
1622,2019-08,2009,2
1623,2019-08,2010,2
1624,2019-08,2011,1
1625,2019-08,2012,1
1626,2019-08,2013,4
1627,2019-08,2014,2
1628,2019-08,2015,3
1629,2019-08,2016,3
1630,2019-08,2017,3
1631,2019-08,2018,7
1632,2019-08,2019,23
1633,2019-08,2020,1
1634,2019-08,2030,3
1635,2019-08,2050,3
1636,2019-08,2100,2
1637,2019-09,1850,1
1638,2019-09,1900,1
1639,2019-09,1974,1
1640,2019-09,1979,1
1641,2019-09,1980,1
1642,2019-09,1981,1
1643,2019-09,1989,1
1644,2019-09,1999,1
1645,2019-09,2000,2
1646,2019-09,2001,1
1647,2019-09,2003,1
1648,2019-09,2009,2
1649,2019-09,2011,1
1650,2019-09,2012,3
1651,2019-09,2013,1
1652,2019-09,2014,2
1653,2019-09,2015,4
1654,2019-09,2016,4
1655,2019-09,2017,4
1656,2019-09,2018,8
1657,2019-09,2019,24
1658,2019-09,2020,5
1659,2019-09,2021,1
1660,2019-09,2022,2
1661,2019-09,2023,1
1662,2019-09,2025,2
1663,2019-09,2027,1
1664,2019-09,2030,2
1665,2019-09,2050,4
1666,2019-09,2070,1
1667,2019-09,2099,1
1668,2019-09,2100,4
1669,2019-10,1960,1
1670,2019-10,1984,1
1671,2019-10,1995,1
1672,2019-10,2007,1
1673,2019-10,2009,1
1674,2019-10,2013,2
1675,2019-10,2014,2
1676,2019-10,2016,1
1677,2019-10,2017,2
1678,2019-10,2018,6
1679,2019-10,2019,11
1680,2019-10,2030,1
1681,2019-11,105,1
1682,2019-11,1000,1
1683,2019-11,1719,1
1684,2019-11,1961,1
1685,2019-11,1964,1
1686,2019-11,1965,1
1687,2019-11,1998,1
1688,2019-11,2000,1
1689,2019-11,2009,1
1690,2019-11,2010,1
1691,2019-11,2014,1
1692,2019-11,2018,2
1693,2019-11,2019,11
1694,2019-11,2020,2
1695,2019-11,2021,1
1696,2019-11,2025,1
1697,2019-11,2040,1
1698,2019-11,2050,1
1699,2019-12,1012,1
1700,2019-12,1957,1
1701,2019-12,2015,1
1702,2019-12,2017,1
1703,2019-12,2018,3
1704,2019-12,2019,12
1705,2019-12,2035,1
1706,2019-12,2050,1
1707,2020-01,1604,1
1708,2020-01,1980,1
1709,2020-01,1997,1
1710,2020-01,2006,1
1711,2020-01,2009,1
1712,2020-01,2010,1
1713,2020-01,2011,2
1714,2020-01,2013,3
1715,2020-01,2014,1
1716,2020-01,2015,3
1717,2020-01,2016,1
1718,2020-01,2017,3
1719,2020-01,2018,3
1720,2020-01,2019,6
1721,2020-01,2020,16
1722,2020-01,2021,2
1723,2020-01,2030,1
1724,2020-01,2050,3
1725,2020-01,2051,1
1726,2020-01,2100,1
1727,2020-02,1900,1
1728,2020-02,1901,1
1729,2020-02,1960,1
1730,2020-02,1990,1
1731,2020-02,2001,1
1732,2020-02,2005,1
1733,2020-02,2007,1
1734,2020-02,2010,1
1735,2020-02,2014,1
1736,2020-02,2017,2
1737,2020-02,2018,3
1738,2020-02,2019,5
1739,2020-02,2020,15
1740,2020-02,2030,1
1741,2020-03,1800,1
1742,2020-03,1958,1
1743,2020-03,1965,1
1744,2020-03,1981,1
1745,2020-03,1990,1
1746,2020-03,2006,1
1747,2020-03,2009,1
1748,2020-03,2010,1
1749,2020-03,2014,1
1750,2020-03,2017,1
1751,2020-03,2018,1
1752,2020-03,2019,3
1753,2020-03,2020,4
1754,2020-03,2025,1
1755,2020-03,2030,1